"Kategori","Nama","Khasiat"
"Jamu Perawatan Kewanitaan","Galian Rapat Wangi","mengurangi bau badan, mengurangi bau tidak sedap serta membuat rapet dan kesed area kewanitaan"
"Jamu Pasutri","Empot-empot legit","Mengurangi lendir berlebih, mengatasi keputihan serta menimbulkan sensasi denyut saat berhubungan"
"Jamu Kesehatan","galian singset","mengurangi lemak dalam tubuh, menambah nafsu makan dan melancarkan BAB"
"Jamu Perawatan Kewanitaan","jamu kecantikan","perawatan khusus remaja putri, mengurangi bau badan dan mengatasi keputihan"
"Jamu Kesehatan","jamu galian montok","untuk menambah nafsu makan"
"Jamu Perawatan Kewanitaan","jamu terlambat bulan (lancar darah)","mengurangi nyeri haid dan melancarkan peredaran darah sehingga lebih teratur"
"Jamu Perawatan Kewanitaan","jamu melancarkan asi (pejje)","melancarkan keluarnya ASI"
"Jamu Perawatan Kewanitaan","serbuk wasiat dan butiran delima","mengatasi keputihan dan lendir berlebih di area kewanitaan"
"Jamu Kesehatan","parfum rempah","menyegarkan bau badan dengan aroma khas rempah khas"
"Jamu Perawatan Kewanitaan","cebokan rempah","mengatasi keputihan dan gatal akibat bakteri dan jamur"
"Jamu Perawatan Kewanitaan","pancuran nikmat","antiseptic kewanitaan tanpa dibilas"
"Jamu Perawatan Kewanitaan","sabun kesed","sabun khusus wanita untuk mengatasi keputihan"
"Jamu Perawatan Kewanitaan","v-spa rempah","detoksifikasi kewanitaan agar bebas keputihan dan bau yang kurang sedap"
"Jamu Perawatan Kewanitaan","jamu bersalin","perawatan khusus pasca melahirkan, mengembalikan tubuh seperti semula, melancarkan ASI dan mencegah timbulnya varises"
"Jamu Kesehatan","paket perawatan pranikah","mengurangi bau badan, membuat kulit bersih dan lebih cerah"
"Jamu Pasutri","1 paket ramuan khusus wanita","perawatan khusus wanita untuk menjaga tubuh tetap prima dan hubungan suami istri makin mesra"
"Jamu Perawatan Kewanitaan","jamu penyubur kandungan","menyuburkan kandungan"
"Jamu Kesehatan","cemceman rambut","mengatasi ketombe dan kerontokan rambut"
"Jamu Pasutri","minyak bulus","mengencangkan kulit dan area khusus intim  baik pria maupun wanita (pasutri)"
"Jamu Kesehatan","minyak zaitun","merawat mengencangkan & menghaluskan kulit muka dan seluruh tubuh"
"Jamu Kesehatan","lulur rempah","membuat kulit bersih serta tampak lebih cerah"
"Jamu Kesehatan","bedak dingin","masker bengkoang untuk mencerahkan wajah, memudarkan bekas jerawat dan mengecilkan pori"
"Jamu Kesehatan","pegal linu","mengurangi capek, nyeri sendi dan melancarkan peredaran darah"
"Jamu Kesehatan","jamu pembersih darah","mengatasi gatal gatal dan alergi pada kulit"
"Jamu Kesehatan","jamu kencing manis","menurunkan kadar gula dalam darah"
"Jamu Kesehatan","bumbu minuman pokak","minuman herbal dari bahan jahe emprit"
"Jamu Pasutri","1 paket jamu suami istri","mengharmoniskan hubungan intim suami istri"
"Jamu Pasutri","Jamu ma'jun super (plus madu)","menambah stamina saat berhubungan , menambah masa otot dan melancarkan peredaran darah"
"Jamu Pasutri","jamu jantan super","menjaga stamina tubuh agar tetap fit dalam berhubungan"
"Jamu Pasutri","jamu aktivitas","penambah stamina khusus pekerja berat. Suplemen khusus untuk menambah stamina pria dalam berhubungan"
"Jamu Kesehatan","jamu darah tinggi","menurunkan tekanan darah tinggi"
"Jamu Pasutri","1 paket ramuan khusus pria","suplemen kuat khusus bagi pria untuk menjaga stamina dan kesehatan tubuh"
"Jamu Perawatan Kewanitaan","Jamu Tradisional Madura","Buat Kesehatan, Bau Badan, Keputihan"
"Jamu Pasutri","Bom","Untuk kuat berhubungan, dan Pegal - pegal"
"Jamu Kesehatan","Jamu Hitam","Untuk segala macam penyakit"
"Jamu Kesehatan","Jamu Pelintiran darah tinggi","Menurunkan tekanan darah tinggi, menetralisir sirkulasi jantung, Menormalkan jantung kembali"
"Jamu Pasutri","Empot-empot Super","1.Memulihkan elastisitas organ intim wanita; 2. Mengencangkan otot² miss V; 3. Mengencangkan payudara; 4. Mengencangkan seluruh kulit shg tampak lebih muda; 5. Menambah gairah dan semangat dalam berhubungan suami istri; 6. Menghilangkan gatal² di miss V"
"Jamu Kesehatan","Jamu selokarang","Menurunkan pusing, panas dalam sakit gigi tenggorokan"
"Jamu Perawatan Kewanitaan","Jamu Bengkes","Awet Muda Wajah Berseri"
"Jamu Pasutri","Empot Ayam Super","1.Melegitkan dan menghaluskan vagina; 2. Mengencangkan otot kendor setelah melahirkan; 3. Menghilangkan bau serta gatal²; 4. Mengatasi masalah² ibu yg ikut bermacam² KB; 5. Utk wanita frigid dan suami istri selalu harmonis; "
"Jamu Perawatan Kewanitaan","Jamu Delima Putih","Mengatasi keputihan/pektay"
"Jamu Kesehatan","Sariawan Sekalor","Menyembuhkan radang gusi, radang tenggorokan, sakit gigi, sakit kepala, amandel, ambeyen, demam,kolesterol dan mendetox darah."
"Jamu Kesehatan","Galian Singset ( Susut Perut)","Melangsingkan badan, mengecilkan dan mengencangkan perut kendur,memadatkan tubuh,melancarkan BAB, membuat wajah segar dan tidak mudah keriput, menghilangkan selulit."
"Jamu Pasutri","Sehat Laki-laki Perkasa","Menambah stamina dan juga menambah hormon, Menghilangkan capek/letih/encok, Menjaga tubuh tetap perkasa, Tidak mudah masuk angin, Mengentalkan sperma, Mencegah ejakulasi dini."
"Jamu Pasutri","Sari Rapet Empot-Empot","Mengharumkan bagian kewanitaan, Menyembuhkan keputihan/gatal disebabkan bakteri, Merapatkan vagina,Mengencangkan otot rahim, Menambah keharmonisan rumah tangga."
"Jamu Kesehatan","Pluntur(Pelancar Darah)","Melancarkan darah, menghilangkan pegel linu, menjaga stamina tubuh, mengurangi angka kelahiran."
"Jamu Pasutri","Strong","Menambah stamina tubuh, Menghilangkan capek/letih/encok, Menjaga tubuh tetap perkasa,  Mengentalkan sperma, Mencegah ejakulasi dini, Tahan lama."
"Jamu Perawatan Kewanitaan","Seger Montok","Mengencangkan dan memontokkan payudara, Memadatkan tubuh, Mencerahkan wajah, Memberi nafsu makan, Menyehatkan badan."
"Jamu Pasutri","Rapet Wangi Spesial","Mengharumkan bagian kewanitaan, Menyembuhkan keputihan/Gatal disebabkan bakteri, merapatkan vagina, Mengencangkan otot rahim, Menambah keharmonisan rumah tangga."
"Jamu Kesehatan","Tolak Angin","Menyembuhkan demam,pusing, perut mual, kembung, tenggorokan kering dan menambah daya tahan tubuh."
"Jamu Perawatan Kewanitaan","Subur Kandungan","Diramu dari bahan jamu berupa tumbuh-tumbuhan dan akar yang berkhasiat tinggi untuk membantu menyehatkan, menyuburkan dan menguatkan kandungan. Jamu ini sangat baik bagi ibu-ibu yang sering keguguran dan sulit mendapatkan kehamilan."
"Jamu Perawatan Kewanitaan","Sehat Wanita","memadatkan tubuh, mengencangkan payudara yang kendor, menghilangkan bau badan, menyegarkan tubuh, menghilangkan letih, lesu & Capek, Mengencangkan kembali otot kewanitaan terutama pada wanita habis melahirkan, Membersihkan darah nifas, Merapatkankan kewanitaan, aman di konsumsi baik remaja perempuan maupun ibu,tidak disarankan mengkonsumsi untuk ibu hamil."
"Jamu Pasutri","Sehat Laki-laki ( Helbeh)","Mengatasi lemah syahwat,Memperbaiki kualitas sperma,menambah / Meningkatkan stamina (Pria & wanita)"
"Jamu Perawatan Kewanitaan","Natural Lulur Sari temugiring","Menghaluskan dan mencerahkan kulit, melembabkan, menghilangkan bekas noda di tubuh."
"Jamu Pasutri","Empot Sari Rapet","mengembalikan masa keperawanan dan menambah keharmonisan dalam rumah tangga, memadatkan tubuh dan membuat badan lebih segar."
"Jamu Perawatan Kewanitaan","Awet Muda","membantu memelihara kecantikan"
"Jamu Pasutri","Ma'jun","menyembuhkan sakit pinggang, pegel linu, encok dan rematik, menghilangkan rasa lelah sehingga menambhan setamina dan syahwat"
"Jamu Kesehatan","Sale Karang","Untuk sakit gigi, gusi bengkak dan gusi berdarah"
"Jamu Kesehatan","Ibu Hamil","biar tidak mudah capek"
"Jamu Kesehatan","Diabet","menstabilkan kadar gula"
"Jamu Kesehatan","Nafsu Makan","Untuk menambah nafsu makan"
"Jamu Pasutri","Sehat Pria","Untuk menambah tenaga lelaki saat berhubungan intim"
"Jamu Perawatan Kewanitaan","Sehat Wanita","Untuk menambah setamina perempuan dan menjaga organ kewanitaan"
"Jamu Kesehatan","Nafsu Makan","menambah nafsu makan"
"Jamu Kesehatan","Gatal-gatal","untuk menyembuhkan gatal-gatar dan alergi"
"Jamu Perawatan Kewanitaan","Ibu Melahirkan","memperlancar ASI"
"Jamu Kesehatan","Jamu Sakit Pinggang","meredakan nyeri pinggang dan menambah stamina"
"Jamu Kesehatan","Jaselang","Menambah stamina, pegal linu, capek-capek, mengahangatkan badan dll"
"Jamu Pasutri","Macho","Menambah stamina pria dan ereksi, meningkatkan libido, mengobati pegal linu, capek-capek, dan menghangatkan badan"
"Jamu Kesehatan","Kusir","menghilangkan bau badan, sakit kepala dll"
"Jamu Perawatan Kewanitaan","Sarpet Manjakani","mencegah keputihan, menghilangkan bau  badan, meraptkan vagina dll"
"Jamu Kesehatan","Jamu Sondhep","meredakan nyeri otot bagian bahu, otot piggang, dan memperlancar peredaran darah"
"Jamu Kesehatan","Sale Karang","sakit gigi, gusi bengkak dan gusi berdarah"
"Jamu Kesehatan","Daun sirih","menghilangkan bau badan, mengobati sariawan, menghilangkan mau bulut, mencegah keropos pada gigi dan tulang"
"Jamu Pasutri","Kuda Hitam","Untuk meningkatkan kekuatan pada pria saat berhubungan"
"Jamu Pasutri","Jahe Merah Plus","Untuk menambah stamina tubuh Pria dan wanita saat berhubungan"
"Jamu Kesehatan","ekstrak jahe","untuk mengobati gejala masuk angin"
"Jamu Kesehatan","ekstrak temulawak","untuk mengobati penyakit asam lambung dan menambah nafsu makan"
"Jamu Kesehatan","ektrak kunyit","untuk mengobati penyakit asam lambung "
"Jamu Pasutri","kopi lake'","Untuk meningkatkan kekuatan pada pria"
"Jamu Kesehatan","wedang jahe merah","Menambah stamina tubuh"
"Jamu Kesehatan","kunyit asam madu","untuk merawat kesehatan lambung, dan mengobati panas dalam"
"Jamu Perawatan Kewanitaan","manjakani","untuk merawat kesehatan wanita seperti mempelancar haid dan keputihan"
"Jamu Pasutri","kuda hitam cair","Untuk meningkatkan kekuatan pada pria saat berhubungan"
"Jamu Kesehatan","ETABARI","untuk penderita kencing manis (Diabetes)"
"Jamu Perawatan Kewanitaan","Subur Kandungan","menyuburkan kandungan, menguatkan kandungan yang lemah"
"Jamu Kesehatan","TOLAK AMBEYEN","Menyembuhkan ambeyen baru atau sudah lama, menjaga kesehatan"
"Jamu Kesehatan","TOLAK BATUK/ASMA","membantu mengobati batuk yang masih baru maupun yang sudah lama, membantu mengobati penyakit alergi pernapasan bagian atas dan penyakit asma, membantu menurunkan panas demam disebabkan flu dan radang tenggorokan."
"Jamu Kesehatan","Susut perut Tresna","membantu mengurangi lemak tubuh terutama di bagian perut dan membantu menurunkan berat badan"
"Jamu Pasutri","PANYAMAN EMPOT-EMPOT","membantu merapatkan organ kewanitaan, mengencangkan otot-otot rahim dan sekitarnya, vagina menjadi keset dan sensitif, membantu para wanita agar lebih cepat mencapai orgasme, memberi getaran-getaran apabila ada sentuhan"
"Jamu Pasutri","masker v","membantu para wanita mengatasi frigit dan agar mempunyai gairah melayani pasangan"
"Jamu Kesehatan","LAMSAM","untuk menurunkan/menormalkan tekanan darah tinggi(hipertensi), dan melancarkan peredangan darah dalam tubuh"
"Jamu Kesehatan","lulur wangi","untuk membersihkan mengatasi jerawat dan mengangkat komedo"
"Jamu Kesehatan","PETODHU","untuk kesehatan tulang untuk pria dan wanita"
"Jamu Perawatan Kewanitaan","GALIAN PUTRI","menjaga agar tubuh tetap segar, sehat, lincah dan tidak pucat, mengatasi bau ketiak dan bau badan yang kurang sedap, membantu mengatasu penyakur keputihan, menjaga organ kewanitaan sehingga pakaian dalan tetap bersih dari noa\da, melancarkan haid"
"Jamu Pasutri","GALIAN RAPET","membantu merapatkan organ kewanitaan biar kencang, menjaga keharmonisan rumah tangga, menghilangkan bau tidak sedap, membantu mengatasi keputihan"
"Jamu Perawatan Kewanitaan","lulur ayu","memelihara dan kecantikan wajah dan anggota badan, membersihkan dan menghaluskan kulit"
"Jamu Kesehatan","PAS JUDHU","membantu mengatasi asam urat, kolestrol, reumatik"
"Jamu Kesehatan","SEHAT L.M","memperlancar peredaran darah, menambah tenaga serta meningkatkan daya tahan tubuh terhadap penyakut, membantu mengatasi gejala penuaan, nyeri otot,nyeri sendi,pegal-pegal, rabun mata, encegah masuk angin, pusing dan maag"
"Jamu Pasutri","GALIAN RAPET","membantu merapatkan organ kewanitaan, menjaga keharmonisan rumah tangga, menghilangkan bau tidak sedap, membantu mengatasi keputihan"
"Jamu Perawatan Kewanitaan","cream montok","membantu membesarkan payudara"
"Jamu Perawatan Kewanitaan","GALIAN MONTOK","membantu mengobati buah dada yang kecil supaya jadi montok dan besar, buah dada menjadi padat berisi"
"Jamu Kesehatan","BERSIH JERAWAT","membantu mengatasi / membersihkan jerawat, mencegah timbulnya jerawat, memelihara wajah agar tetap halus"
"Jamu Perawatan Kewanitaan","AWET AYU","mengandung formula 'anti aging' yang berguna untuk menghambat proses penuaan seperti mengurangi keriput, memudarkan lingkaran hitam di mata dan dapat mengurangi kantung mata, membantu mengatasi penyakit keputihan, menghilangkan bau badan, merapatkan vagina, menjaga organ kewanitaan tetap bersih, mengurangi dan menghilangkan rasa sakit serta menjelang haid"
"Jamu Pasutri","PANYAMAN","untuk mnegatasi kurang gairah, mengencangkan otot-otot rahim dan sekitarnya, vagina menjadi keset dan sensitif, membantu para wanita agar lebih cepat mencapai orgasme, memberi getaran-getaran apabila ada sentuhan"
"Jamu Pasutri","JAMU PERKASA","mencegah ejakulasi dini, menambah daya tahan lama pria, menambah tenaga dan gairah keperkasaan pria, menambah kesehatan dan kebugaran"
"Jamu Kesehatan","peluntur &pelangsing","mengurangi lemak dalam tubuh terutama di perut yang gendut, mengencangkan otot-otot yang kendor, memelihara tubuh agar tetap langsing padat dan ideal secara alami"
"Jamu Kesehatan","BEDAK SARI","pengharum tubuh"
"Jamu Kesehatan","HABBATUS SAUDA","menjaga stamina, memperkuat daya kosentrasi, anti bakteri, mengatasi infeksi, menghangatkan dan melegakan saluran pernapasan, meringankan gejala batuk pilek, menurunkan demam, membantu mempercepat penyembuhan penyakit, membantu mengatasu maag, mengeluarkan masuk angin dan kembung"
"Jamu Kesehatan","SELEDRI MIX","untuk mengatasi asam urat"
"Jamu Kesehatan","KUNYIT ASEM","meningkatkan data tahan tubuh, menjaga stamina, menghilangkan bau badan, melancarkan datang bulan, menghaluskan kulit, mencegah penuaan dini, mencegah diare"
"Jamu Kesehatan","TEMU LAWAK","mengatasi maag, mengatasi radang sendi, menghilangkan bau badan, mengatasi diare, mengatasi kolesterol, melancarkan pencernaan, mencegah penuaan dini, anti kanker, menyehatkan liver dan ginjal"
"Jamu Kesehatan","BERAS KENCUR","mengatasi batuk pilek, meredakan hidung tersumbat, menambah nafsu makan, mengatasi sakit maag, meningkatkan imun tubuh"
"Jamu Kesehatan","SIRIH PINANG","menjaga kesehatan gigi, mencegah sariawan, menghilangkan bau mulut, menghilangkan bau badan, mengatasi keputihan, melancarkan pencernaan, mencegah gusi berdarah"
"Jamu Kesehatan","POKA'","mengatasi masuk angin,mual, pusing, meredakan nyeri sendi, meningkatkan imun tubuh, mencegah penuaan dini, anti kanker, mencegah kolesterol"
"Jamu Kesehatan","BUNGA TELANG","menyehatkan mata, menyehatkan otak, menghaluskan kulit, melancarkan pencernaan, mencegah penuaan dini"
"Jamu Kesehatan","jahe merah instant","untuk mengobati masuk angin, pusing,dan mual"
"Jamu Perawatan Kewanitaan","Empot wangi","membantu mengurangi lendir yang berlebihan pada daerah kewanitaan"
"Jamu Perawatan Kewanitaan","Galian singset ++","mengurangi kelebihan lemak (kolestrol) dalam tubuh, mengecilkan perut, menjaga bentuk tubuh yang ideal, menjaga penampilan selalu awet muda, membantu mengurangi lemak di tubuh, melangsingkan badan, membuat tampil seksi dan percaya diri, menormalkan BAB yang tidak lancar"
"Jamu Perawatan Kewanitaan","asi booster","melancarkan asi, menyegarkan badan muka tidak pucat, menyehatkan ibu dan bayi yang dilahirkan, menuntaskan sisa darah, meningkatkan kualitas nutrisi dalam asi"
"Jamu Perawatan Kewanitaan","gadis remaja","menghilangkan bau badan yang kurang sedap, mencegah tumbuhnya jerawat, menyembuhkan keputihan, menjaga bentuk tubuh tetap ideal"
"Jamu Pasutri","empot-empot","menambah kemesraan dan keharmonisan keluarga, kembali muda bagaikan gadis remaja, membuat suami makin sayang sama istri, kenikmatan dan kepuasan selalu menjelma"
"Jamu Pasutri","sehat lelaki","menambah semangat stamina saat berhubungan dan kesehatan, menguatkan dan menghangatkan badan, pegal linu otot kaku dan lesu"
"Jamu Pasutri","rapet harum asmara","merapatkan dan melenturkan miss v, mengatasi bau tak sedap, serta gatal-gatal disekitar organ intim, mengatasi cairan berlebih, mengaharumkan area vagina, menjaga keharmonisan hubungan suami istri, menyembuhkan keputihan, serta gejalanya"
"Jamu Perawatan Kewanitaan","feminia","menjaga miss v tetap keset elastis, menambah libido, menghilangkan bau badann dan miss v yang kurang sedap, menyembuhkan keputihan, menjaga payudara tetap kenyal dan montok, melindungi rahim dari berbagai virus, menormalkan hormon estrogen, menghangatkan badan, mengurangi pegel-pegel/linu"
"Jamu Perawatan Kewanitaan","awet muda","memulihkan elastisitas organ intim wanita( kencangkan otot miss v), menghilangkan gatal-gatal, keputihan dan bau kurang menyenangkan, mencegah penuaan dini, menstabilkan PH asam dan mengurangi cairan( basah) berlebihan, meningkatkan hormon estrogen, peremajaan tubuh usai melahirkan/haid, mencegah kanker servix dan kanker payudara"
"Jamu Pasutri","jakiat","memperbaiki stamina pria, meningkatkan kebugaran tubuh dalam hubungan pasutri, membantu mengatasi ejakulasi dini, mengentalkan sperma, menambah kejantanan pria"
"Jamu Kesehatan","sirih wangi","menghilangkan bau badan dan mulut, menyembuhkan radang tenggorokan dan gusi, mengatasi keputihan, menyembuhkan jerawat, menghaluskan kulit, melancarkan air seni, penambah tenaga/ stamina, mengurangi keringat berlebih, mengatasi penyakit kulit/gatal-gatal"
"Jamu Perawatan Kewanitaan","Rapet Wangi","membantu mengurangi lendir yang berlebihan pada daerah kewanitaan"
"Jamu Kesehatan","bersih darah","melancarkan peredaran darah di dalam tubuh, membersihkan darah kotor yang ada di dalam tubuh, mengatasi gatal-gatal pada kulit, mengatasi / meringankan bisul, mengobati korengan dan beberapa masalah kulit lainnya, menyembuhkan serta mencegah jerawat"
"Jamu Kesehatan","kencing manis","mengobati kencing manis, menurunkan kadar gula seperti sering merasa haus, sering kencing terutama dimalam hari"
"Jamu Pasutri","sari rapet","menambah gairah hubungan suami istri, mengobati keputihan dan gejalanya seperti berair, berlendir, berbau, merapatkan otot-otot vagina"
"Jamu Perawatan Kewanitaan","delima putih","mencegah dan mengobati keputihan seperti muka pucat tidak bergairah sakit pinggang mengurangi lendir serta menghilangkan bau (keringat) kurang sedap, merapatkan vagina pemakaian secara teratur maka wajah bercahaya cantik & awet muda"
"Jamu Pasutri","empot-empot love","mengencangkan organ intim (rapet), mengencangkan kulit, menambah libido, atasi payudaya kendur, membersihkan bakteri dan jamur (keputihan), mengobati kista, mencegah kanker payudaram menguatkan pinggang, melancarkan datang bulan"
"Jamu Perawatan Kewanitaan","manjakani","menormalkan hormon estrogen, mengencangkan wajah dan kulit, mengencangkan payudara, mengencangkan otot-otot kewanitaan (rapet), mencegah osteoporosis (tulang keropos), menyembuhkan keputihan, menguatkan pinggang, melancarkan datang bulan"
"Jamu Kesehatan","gemuk sehat","menambah nafsu makan, menghambat pertumbuhan sek kanker, meningkatkan daya tahan tubuh, menjaga kesehatan liver, memperbaiki jaringan tubuh yang rusak, membantu melawan bakteri dan jamur di tubuh, menyembuhkan penyakit kuning"
"Jamu Perawatan Kewanitaan","oil mahabbah","agar payudaya tetap kencang dan motok setelah melahirkan, merawat kesehatan payudara, menghaluskan kulit payudara"
"Jamu Pasutri","bubuk herbal ajaib","merapatkan dan mengencangkan otot vagina, mengeringkan miss v yang basah, sama-sama meberikan kenikmatan dan kebahagiaan hubungan suami istri"
"Jamu Pasutri","butiran putri delima","merapatkan dan mengencangkan otot vagina, keset/kering bikin wanita percaya diri, sama-sama meberikan kenikmatan dan kebahagiaan hubungan suami-istri"
"Jamu Perawatan Kewanitaan","penyubur kandungan","menguatkan rahim, menambah hormon menyuburkan kandungan"
"Jamu Pasutri","setanggi zahra","bermanfaat sebagai aromatherapy menenangkan  hati dan menambah keintiman suami istri"
"Jamu Kesehatan","timung / mandi uap","melancarkan peredaran darah, mengeluarkan keringat berlebih, membakar lemak, mengharumkan badan, membuat badan segar, harum dan berseri"
"Jamu Pasutri","hormolak","menstabilkan hormon laki-laki yang sangat diperlukan untuk produksi sperma, memberikan suplement tambahan sehingga produksi sperma dapat lebih maksimal, mempercepat produksi sperma dan memperbanyak jumlah cairan sprema, menghangatkan badan, mengurangi ejakulasi dini"
"Jamu Pasutri","lintah hitam papua","melancarkan sirkulasi darah, mengencangkan otot-otot yang kendor, meningkatkan kajantanan pria, mengobati lemah syahwat, ejakulasi dini, memperbesar dan memperpanjang penis."
"Jamu Kesehatan","jamu gemuk sehat","membantu memperbaiki nafsu makan, menambah berat badan, menyelaraskan alat-alat pencernaan tubuh, menghilangkan letih, lesu, lemah dan kurang bersemangat"
"Jamu Perawatan Kewanitaan","jamu sepet madura *empot-empot)","membantu mengurangi lendir yang berlebihan pada daerah kewanitaan, memperkuat otot-otot vagina untuk membuat denyut-denyut istimewa pada vagina, mengeraskan otot vagina, menghilangkan keputihan dan gatal-gatal"
"Jamu Perawatan Kewanitaan","PLUNTUR(TERLAMBAT BULAN)","sangat efektif untuk wanita yang sering terlambat bulan, datang bulan tidak teratur, sakit badan pada waktu datang bulan (dianjurkan untuk keterlambat) yang tidak lebih dari tiga bulan"
"Jamu Kesehatan","Jamu Tradisional Madura","amandel, tekanan darah tinggi, asma, kencing batu, lever, alergi, lemah jantung, kurang nafsu makan, asam urat, pegal linu, kencing manis, ginjal, reumatik, sakit gigi, magh, exsim, kurang darah"
"Jamu Kesehatan","Lulur Bengkoang","mengangkat sel-sel kulit mati, menghilangkan jerawat, flex hitam juga memutihkan kulit"
"Jamu Perawatan Kewanitaan","pintu surga","bermanfaat untuk perawatan kewanitaan dan juga menuntaskan keputihan"
"Jamu Perawatan Kewanitaan","jamu manjakani","merapetkan vagina, bikin keset untuk keputihan dan juga menyehatkan badan"
"Jamu Perawatan Kewanitaan","air cewok","bikin keset, merapetkan, menghilangkan keputihan juga menghilangkan bau daerah v"
"Jamu Perawatan Kewanitaan","jamu melahirkan","ibu dan bayi menjadi sehat dan bugar"
"Jamu Pasutri","sehat lelaki","hubungan suami istri lebih intim, untuk kejantanan lelaki"
"Jamu Pasutri","sehat wanita","untuk keputihan, stamina wanita, hubungan suami istri lebih intim"
"Jamu Kesehatan","salekarang","untuk flu, batuk, sakit gigi, pusing"
"Jamu Kesehatan","Kopi racikan madura","Menjaga organ hati, membantu membersihkan saluran pencernaan, membantu membakar lemak, mencegah penyakit jantung, diabetes"
"Jamu Kesehatan","dupa kemanten","mengharumkan tubuh, baju, juga ruangan. Harumnya lengket sepanjang hari"
"Jamu Kesehatan","galian singset","membantu mengurangi lemak, membuat badan menjadi langsing"
"Jamu Kesehatan","jamu jerawat","membantu mengatasi jerawat, menjaga kulit tetap halus bercahaya"
"Jamu Kesehatan","jamu pelangsing(bobot idaman)","menurunkan berat badan sesuai dengan idaman, menahan bobot badan supaya tidak gemuk berlebihan, mengontrol kadar lemak bagian perut"
"Jamu Kesehatan","jamu pegel linu","sangat berkhasiat menyembuhkan pegel-pegel linu otot-otot anda, menyembuhkan penyakit rheumatic/encok dan sakit pinggang"
"Jamu Perawatan Kewanitaan","jamu nifas (pluntur)","sangat efektif untuk wanita yang sering terlambat bulan, datang bulan tidak teratur, sakit-sakit badan waktu datang bulan"
"Jamu Pasutri","sehat lelaki (perkasa lelaki)","Memperkuat fungsi lelaki serta meningkatkan katahanan kejantanan"
"Jamu Perawatan Kewanitaan","sepet madura(empot-empotan","membuat denyut-denyut istimewa yang khas, memperkuat otot-otot kewanitaan, menghilangkan bau tidak enak gatal-gatal dan keputihan"
"Jamu Perawatan Kewanitaan","sehat perempuan(montok payudaya)","mengencangkan payudara, memperbesar payudara yang kurang ideal, menyehatkan dan memperindah payudara"
"Jamu Perawatan Kewanitaan","sari harum(keputihan)","sangat mujarab dan benar-benar ampuh untuk segala macam keputihan yang lama maupun yang baru. Menghilangkan bau yang tidak enak, gatal-gatal dll"
"Jamu Perawatan Kewanitaan","awet ayu","membuat dan menjaga kulit tubuh perempuan segar halus dan bercahaya, mengencangkan seluruh otot-otot tubuh anda agar tetap singset. Menjaga tubuh tetap sehat dan segar selalu"
"Jamu Kesehatan","SUPER SEHAT BURUNG WALET","Insya Allah sangat ampuh untuk mencegah dan menyembuhkan Reumatik, Asam urat, Tekanan darah tinggi, Asma, Maag, Ginjal, Tipes, Cacingan, Sakit gigi, Lemah syahwat, Gatal-gatal alergi, Paru-paru basah, Kurang nafsu makan, Melancarkan Sirkulasi darah, Jerawat, Bisul, Kudis, Panu, Merawat Ms.V, Mengatasi keputihan, Merawat dan mengencangkan kulit, Mencegah dan mengatasi penyakit menahun, Kelumpuhan/badan mati separuh seperti Stroke, Kanker, Liver, Kencing manis basah/kencing manis kering, Menjaga dan menambah daya tahan tubuh."
"Jamu Pasutri","SUPER KUAT BURUNG WALET","Insyaallah sangat ampuh untuk menambah kepuasan Sex, Tahan keluarnya air sperma, menambah kejantanan, mengencangkan otot dzakar, menguatkan dan mengobati impoten yang menahun, merangsang dan mempercepat hidupnya dzakar, menambah energi baru setelah berhubungan, mengganti sel-sel tubuh yang aus, mengobati lesu, loyo, sakit pinggang, sakit kepala, dan menambah daya tahan tubuh dan menambah vitalitas pria dan wanita."
"Jamu Pasutri","KOPI JANTAN ANTI DIABETES","Insya Allah sangat ampuh untuk mengatasi penyakit diabetes, lemah syahwat, ejakulasi dini, meningkatkan libido, menambah stamina, vitalitas dan meningkatkan daya tahan tubuh pria dan wanita."
"Jamu Pasutri","MADU Ruqyah","Insya Allah dapat Meningkatkan gairah sex pria/wanita, kesulitan mendapatkan keturunan, Gangguan Jin/Psikis, dan kena Sihir/Santet"
"Jamu Pasutri","SUSU SUPER SEHAT GOLD","Mudah lesu/loyo/letih/kurang semangat atau kurang energik, Merawat dan memperkuat otot Mr.P, Menambah stamina pria dan wanita, Merawat dan mengencangkan Ms V, Mengatasi keputihan, Lendir berlebih pada Ms,V, Dan membuat keharmonisan suami istri"
"Jamu Perawatan Kewanitaan","SUBUR KANDUNGAN","dapat menyuburkan kandungan. Baik untuk ibu yang baru keguguran"
"Jamu Perawatan Kewanitaan","SABUN CAIR SIRIH","harum dan keset pembersih daerah khusus kewanitaan"
"Jamu Perawatan Kewanitaan","krim rondo ayu","Khasiat dapat mengencangkan payudara yang turun. Disarankan diminum dengan kapsul montok payudara untuk hasil yang maksimal."
"Jamu Kesehatan","harum rempah spray(perfume)","Dapat menghilangkan bau badan. Bisa digunakan untuk ketiak, leher, kaki, dan rambut."
"Jamu Perawatan Kewanitaan","virginity spray","dapat membuat wangi bagian bawah (Vagina)"
"Jamu Pasutri","empot-empot ayam super","Menggairahkan kembali hubungan suami istri, Menyerap kelebihan lendir (keputihan), Mencegah dan menghilangkan bau tidak sedap pada bagian kewanitaan dan menghilangkan bau badan, Mengencangkan kembali otot² kewanitaan setelah melahirkan, Mengembalikan kegadisan / keperawanan, Tidak dianjurkan diminum ketika sedang masa haid/masa nifas"
"Jamu Pasutri","galian rapet awet muda","Menggairahkan kembali hubungan suami istri, Menyerap kelebihan lendir (keputihan), Mencegah dan menghilangkan bau tidak sedap pada bagian kewanitaan dan menghilangkan bau badan, Dapat dikonsumsi oleh gadis / remaja, Mengembalikan kegadisan / keperawanan, Tidak dianjurkan diminum ketika sedang masa haid/masa nifas"
"Jamu Pasutri","serbuk nikmat surga","Menambah rasa kenikmatan dalam bersetubuh, Menggairahkan kembali hubungan suami istri, Menyerap kelebihan lendir (keputihan), Menghilangkan bau tidak sedap pada bagian kewanitaan, Tidak dianjurkan diminum ketika sedang masa haid/masa nifas"
"Jamu Kesehatan","Bedak madu","Mengangkat sel² kulit mati, Mencegah timbulnya jerawat, Menghilangkan flek hitam di wajah, Menghilangkan mata panda, menghilangkan biang keringat"
"Jamu Kesehatan","Gemuk Sehat","Menambah nafsu makan, Membersihkan jerawat, Menghaluskan kulit, Menghilangkan bau mulut dan bau badan, Membuat tubuh padat berisi (montok), Menambah semangat kerja"
"Jamu Perawatan Kewanitaan","Montok Payudara","Membuat tubuh montok dan berisi, Melangsingkan dan menyingsetkan tubuh, Mengencangkan payudara, Menghilangkan pegal² dan kecapean, Menambah semangat kerja, Menggantikan sel² kulit mati dengan segera, Kulit menjadi halus dan berseri"
"Jamu Kesehatan","Peluntur Lemak","Melarutkan lemak dalam tubuh, Mengurangi nafsu makan, Menyusutkan lemak perut, Menurunkan kolesterol, Melancarkan BAB"
"Jamu Pasutri","empot-empotan","Mengobati keputihan, Menyehatkan / menyingsetkan badan, Menambah gairah hubungan suami-istri, Mengobati gatal² dan menghilangkan bau badan dan bau mulut, Cocok bulanan, Menguatkan otot² muda kembali"
"Jamu Pasutri","Kuat Semangat Helbeh Mutiara","Mengatasi lemah syahwat, sakit pinggang, rematik, encok dll, Helbeh mutiara ini merangsang otot dan syaraf yang lemah pada seluruh organ tubuh, Menghilangkan jantung berdebar, letih, lesu, dan asam urat, Menghilangkan nyeri tulang dan tambah darah"
"Jamu Pasutri","jamu kuat Helbeh Mutiara","Menghilangkan rasa letih, Menambah tenaga /energi, Mengobati lemah syahwat, Mengobati jantung berdebar, Menghilangkan sakit pinggang, Menghilangkan rematik/encok, Mengurangi asam urat, Menghancurkan batu ginjal"
"Jamu Pasutri","jamu kuat pria dewasa semalam di madura","meningkatkan stamina dan daya tubuh pria saat berhubungan intim"
"Jamu Kesehatan","jamu helbeh semangat ramuan herbal madura","menguatkan badan, mencerdaskan otak, mencegah reumatik, menambah semangat, menyembuhkan batuk asma, menyembuhkan sakit pinggang"
"Jamu Kesehatan","jamu sariwangi ramuan madura","untuk membantu menghilangkan bau mulut dan bau badan pada pria dan wanita, produk sari wangi ini merupakan jamu herbal yang bisa membantu menghilangkan bau mulut, bau badan dan keringat serta bau yang keluar dari tubuh manusia, dan juga bau yang keluar dari mulut yang bersumber dari perut dan pencernaan."
"Jamu Kesehatan","Serimpang","untuk kesehatan tubuh, membuat badan menjadi fresh kembali"
"Jamu Perawatan Kewanitaan","Lancar darah","untuk melancarkan keluarnya darah pada waktu dan masa datang bulan, mencegah dan mengurangi sakit perut, sakit pinggang, pusing, dan nyeri yang timbul pada masa datang bulan"
"Jamu Perawatan Kewanitaan","jamu tradisional madura kecantikan","menjaga agr badan tetap sehat, segar, awet muda dan mencegah timbulnya jerawat, melangsingkan tubuh dan mengencangkan tubuh, mengurangi bau badan"
"Jamu Perawatan Kewanitaan","jamu gendong klasik madura(JKM)","Menjaga kebersihan Miss V, Mencegah keputihan, Menghilangkan bau tak sedap, Menghilangkan gatal - gatal, Mengurangi lendir berlebih, Merapatkan miss V, Empot - Empot, Membuat Miss V lebih keset dan harum, Mengencangkan otot - otot Miss V, Cocok untuk ibu menyusui, Melancarkan HAID, Mendetox kotoran yg ada pada rahim"
"Jamu Kesehatan","ramuan tradisional madura","asma, reumatik, tekanan darah tinggi, kencing manis, kencing batu, ginjal, amandel, tumor, migrain, lever alergi mag, mag, lemah jantung, exim, kurang nafsu makan, kurang darah,  asam urat"
"Jamu Kesehatan","jamu sehat bugar","Membantu menyembuhkan, Asma, Sebagai obat Reumatik, Bisa mengobati Tekanan, Darah Tinggi, Dapat membantu menyembuhkan, Kencing Manis (diabetes), Dapat membantu menyembuhkan Kencing Batu, Bisa Membantu menyembuhkan Penyakit, Ginjal, Membantu menyembuhkan Amandel, Membantu Menyembuhkan,Tumor, Dapat membantu menyembuhkan, Migrain (sakit kepala), Bisa membantu menyembuhkan, Lever atau hepatitis, Dapat membantu menyembuhkan, Alergi, Bisa membantu menyembuhkan, Menyembuhkan Mag, Dapat membantu menyembuhkan, Lemah Jantung, Membantu , Mengobati Eksim (penyakit kulit), Menambah Nafsu makan, Bisa membantu menyembuhkan Kurang darah, Bisa membantu menyembuhkan Lemah, Syahwat, dan Dapat membantu menyembuhkan Asam Urat"
"Jamu Kesehatan","galian singset (susut perut)","untuk mengurangi lemak dalam tubuh"
"Jamu Pasutri","super empot","Mengencangkan kembali otot otot kewanitaan, Mengurangi lendir berlebihan pada daerah kewanitaan, Memberikan kepuasan hubungan suami istri, Menjaga kesehatan wanita, Menjaga agar awet muda."
"Jamu Perawatan Kewanitaan","super rapet","membantu mengurangi lendir"
"Jamu Perawatan Kewanitaan","JAMU PEGEL LINU","mengatasi gatal2 dan bau yg kurang sedap pada wanita"
"Jamu Pasutri","galian rapet","rapat mencengkram saat berhubungan intim.hingga melestarikan hubungan suami istri "
"Jamu Perawatan Kewanitaan","jamu dalimah putih","dan selalu awet muda bagi perempuan"
"Jamu Kesehatan","GALIAN SEHAT / MONTOK","Pil jamu ramuan Madura untuk wanita / pria yang kurang nafsu makan, berbadan kurus, muka pucat, sering sakit, badan lemah dan lain-lain. Minumlah jamu ini secara teratur supaya badan jadi sehat, segar dan montok padat berisi."
"Jamu Kesehatan","minyak zaitun","Mangencangkan dan menghaluskan kulit muka dan seluruh tubuh (kulit bersisik, pecah-pecah dan kasar), dan sebagai pengganti pelembab dan bisa juga untuk minyak urut/pijat baik untuk dewasa dan anak/bayi."
"Jamu Pasutri","super pria","Menyembuhkan lemah syahwat dan impotensi pada laki laki, Menambah gairah bagi pria."
"Jamu Perawatan Kewanitaan","empot v","mampu melancarkan menstruasi, mengecangkan kulit, mengatasi payudara kendur, mengencangkan miss-v, mengobati kista, mencegah kanker payudara, menguatkan pinggang, membersihkan bakteri dan jamur pada miss-v (keputihan)"
"Jamu Perawatan Kewanitaan","galian montok","mampu mengencangkan dan membesarkan payudara, menjaga tubuh ideal, mengencangkan dan menghaluskan kulit agar tetap awet muda"
"Jamu Perawatan Kewanitaan","harum asmara","Merapatkan & melunturkan miss v, mengatasi bau tidak sedap, serta gatal gatal di organ intim, mengatasi cairan berlebihan, mengharumkan area vagina, menyembuhkan keputihan"
"Jamu Perawatan Kewanitaan","Jamu sehat wanita","Menambah stamina, menjaga kesehatan tubuh khusus wanita"
"Jamu Perawatan Kewanitaan","galian singset","Mengurangi kelebihan lemak pada bagian perut, paha dan kaki. Mengecilkan Perut dan Menjaga bentuk tubuh Ideal ,Meningkatkan hormon tubuh pada bagian kewanitaan.  Mencerahkan, menyegarkan kulit dan Mengencangkan kulit  Menjaga Penampilan selalu Awet Muda, Menghilangkan aroma badan yang tidak sedap sehingga tubuh jadi harum dan wangi ,Membuat tampil seksi & percaya diri"
"Jamu Perawatan Kewanitaan","penyubur ","menguatkan rahim, menambah hormon menyuburkan kandungan"
"Jamu Perawatan Kewanitaan","bersalin kapsul","Mempercepat penyembuhan luka melahirkan, Membersihkan rahim, Mengurangi bau tak sedap, Memulihkan stamina & vitalitas,Kulit kendor jadi singset,Organ Kewanitaan kembali RAPET & KESET"
"Jamu Perawatan Kewanitaan","bersalin bubuk"," Menuntaskan darah kotor. ,Menyehatkan ibu dn bayi yg dilahirkan , Melancarkan asi *Dll"
"Jamu Perawatan Kewanitaan","jamu paket penganten","mengharumkan bau badan, mengurangi keringat berlebihan, menyembuhkan keputihan, mengencangkan otot kewanitaan."
"Jamu Kesehatan","lulur susu","Membantu memutihkan, menghaluskan serta membersihkan dan mengharumkan kulit tubuh anda secara alami."
"Jamu Perawatan Kewanitaan","vitmil","Membantu memelihara kesehatan wanita dan membantu menyegarkan badan"
"Jamu Perawatan Kewanitaan","Jamu singset","Membikin singset, Merapetkan, Melangsingkan, Menyehatakan Badan"
"Jamu Perawatan Kewanitaan","Parem Bangkes","Untuk mengembalikan kulit kendur wanita , dan menghangatkan, untuk kecantikan wanita"
"Jamu Perawatan Kewanitaan","Jamu Pejja","memperlancar produksi ASI, mengembalikan organ reproduksi seperti sebelum hamil, menyehatkan ibu dan bayi serta membuat ibu yang baru melahirkan tetap awet muda"
"Jamu Perawatan Kewanitaan","Ganita-V (Rukun Wanita)","Membantu mengurangi lendir yang berlebihan pada daerah kewanitaan, untuk para ibu yang sering mengalami kegagalan dalam berhubungan seperti keputihan, kelelahan, stress dll. Menghilangkan bau yang tidak enak, mengencangkan otot kewanitaan dan menyembuhkan keputihan"
"Jamu Perawatan Kewanitaan","Lancar Bulan (Nifas/Pluntur)","Membantu melancarkan nyeri haid dan meredakan nyeri haid."
"Jamu Perawatan Kewanitaan","Sepet Wangi (Sari Wangi)","Membantu mengurangi lendir berlebih di area kewanitaan. Menghilangkan bau badan yang ditimbulkan dari keringat, menghilangkan bau mulut, menyuburkan pertumbuhan kulit."
"Jamu Pasutri","GL- Rapet Madura ( Galian Rapet)","Mengatasi bau badan, Membantu mengurangi keputihan, menghilangkan lendir dan bau tidak enak pada area kewanitaan. Merapkan dan mengecilkan vagina. Manambah gairah sex."
"Jamu Perawatan Kewanitaan","Bengkes (Empot - Empot)","Mmebantu menyegarkan badan, membantu mengurangi lendir berlebih pada area kewanitaan."
"Jamu Perawatan Kewanitaan","Wangibungai (Keputihan)","membantu mengurangi lendir yang berlebihan pada daerah kewanitaan."
"Jamu Kesehatan","Sehat Lelaqi","Membantu menyehatkan badan dan meredakan pegal linu, nyeri otot pingang, melancarkan peredaran darah."
"Jamu Perawatan Kewanitaan","Timung Penganten","Untuk Menyegarkan dan mengharumkan Tubuh Wanita"
"Jamu Perawatan Kewanitaan","Sabun Sari Rapet","Menjaga kebersihan Vagina"
"Jamu Perawatan Kewanitaan","Majasmara","mengencangkan wajah dan kulit, Mengenacangkan payudara, Mengencangkan otot-otot kewanitaan, Melancarkan haid."
"Jamu Kesehatan","Minyak Jinten Hitam","Meningkatkan kekebalan Tubuh terhadap penyakit, mengobati rematik, mengobati asma."
"Jamu Kesehatan","Minyak Zaitun","Meredakan Batuk, Memperkuat stamina dan mencegah kanker, mengobati kencing manis, mencegah ganguan pencernaan, mengobati cacing dalam perut,."
"Jamu Perawatan Kewanitaan","Propolis","Meningkatkan Kekebalan Tubuh, melancarkan peredaran darah, menambah sistem hormon, untuk kesuburan wanita."
"Jamu Perawatan Kewanitaan","Lulur Hitam Tradisional","Mencerahkan kulit wanita, Menghaluskan Kulit, Menghulangkan Flek hitam pada wajah, Menghilangkan Stretch mark"
"Jamu Perawatan Kewanitaan","Empot Ayam Madura Super","Membantu memperkuat Otot2 vagina, membuat denyut2 nikmat dan istimewa pada vagina , membantu mengeraskan otot vagina, supaya tidak longgar, memnbantu mengurangi keputihan dan gatal gatal pada alat kelamin wanita"
"Jamu Pasutri","Tongkat Asli madura Premium Rose","Mengangkat Lendir dan kotoran yang ada di dalam miss V, menjadikan miss V rapat, kencang dan bersih, mengatasi keputihan , memperkuat otot-otot kewanitaan, Menghilanggkan gatal-gatal akubat jamur, memuaskan psangan"
"Jamu Kesehatan","Bikin Gemuk","Menambah berat badan"
"Jamu Perawatan Kewanitaan","Spray Virgin (Madura asmara spray)","Merapatkan dan mengharumkan miss V, sehingga seperti perawan kembali, membantu mengurangi lendir berlebih dan bau tidak sedap."
"Jamu Perawatan Kewanitaan","Dupa (Ratus)","Campuran mandi rempah, Bisa digunakan untuk gurak Vagina"
"Jamu Pasutri","Sehat lelaki","Menjaga agar tubuh tidak mudah lelah,  Melancarkan peredaran darah, melancarkan keharmonisan saat berhubungan"
"Jamu Perawatan Kewanitaan","Jamu Galian Parem (Parem Tabuk)","Jamu pertama yang diminum setelah melahirkan untuk menuntaskan keluarnya darah nifas, menghilangkan letih, lesu dan pegal pegal setelah melahirkan."
"Jamu Kesehatan","Black Garlic (Bawang Hitam Tunggal)","Menjaga kesehatan jantung, memperbaiki metabolisme tubuh, meningkatkan imunitas tubuh, mengurangi resiko kanker, tinggi antioksidan, menurunkan kadar kolestrol, mengontrol gula, mencegah penuaan, melindungi dari infeksi"
"Jamu Pasutri","Jamu Jakula","Menambah kejantanan dan kekuatan Sex, Mempercepat Ereksi Lemah Syahwat, Mengobati Ejakulasi Dini, Menambah Frekuensi Hubungan Intim & Tahan Lama"
"Jamu Pasutri","Sehat Laki-Laki (Perkasa)","Menambahkan Stamina dalam berhubungan bagi laki-laki, Menambah Hormon, mengentalkan Sperma, Mencegah Ejakulasi Dini."
"Jamu Pasutri","Helbeh Mutiara (Jamu Kuat)","Menambah Stamina Pria saat berhubungan, Mengatasi Ejakulasi Dini, menambahkan Gairah Tubuh Saat Berhubungan, Membengkitkan Napsu saat berhubungan."
"Jamu Perawatan Kewanitaan","Jamu tradisional madura sehat","Jamu pertama yang diminum setelah melahirkan untuk menuntaskan keluarnya darah nifas, menghilangkan letih, lesu dan pegal pegal setelah melahirkan."
"Jamu Kesehatan","Ramuan Ummi Jafir","Menyegarkan badan, melancarkan pencernaan, menguatkan imun, dan menghangatkan badan"
"Jamu Kesehatan","Jamu Sakera","Menurunkan gula darah, kolesterol, dan trigliserida, mengendalikan hypertensi, meningkatkan kesehatan jantung, meningkatkan kesehatan ginjal, menurunkan asam urat, menccegah kanker, meningkatkan imun, dll"
"Jamu Pasutri","Lanange Jagad","Memperbaiki ejakulasi dini, memberi kekuatan lebih, tahan lama berhari-hari"
"Jamu Perawatan Kewanitaan","Kuncup wangi","Anti keputihan dan lendir, anti bau tk sedap di badan dan miss v, merpatkan otot miss v, anti septik dan anti bakteri, menghilangkan gatal miss v"
"Jamu Pasutri","Sakera Ramuan Pria Dasyat","Meningkatkan gairah sex, memperbaiki ejakulasi dini, memberi kekuatan lebih, tahan lama berhari-hari"
"Jamu Kesehatan","Jamu Wiraraja","Meningkatkan kesegaran badan, memulihkan stamina, dan melancarkan peredaran darah"
"Jamu Perawatan Kewanitaan","Manjavikan","Mengatasi keputihan, melancarkan haid, mengtasi nyeri haid, melancarkan asi, membantu promil, merapatkan miss v"
"Jamu Perawatan Kewanitaan","Rukun Wanita (Sorga)","Baik untuk ibu yang sering mengalami kegelapan dalam berhubungan suami istri, Menghilangkan bau yang tidak sedap pada miss V, Mengencangkan Otot kewanitaan"
"Jamu Pasutri","Madu Asmara Spray (Kecil)","Menghilangkan keputihan, Merapatkan miss v seketika, miss v jadi harum menggoda untuk pasangan pasutri"
"Jamu Pasutri","Bubuk Madu Asmara","Untuk Pasangan suami istri, membuat miss v keset rapet, membuat suami tahan lama"
"Jamu Pasutri","Jantala (Tahan Lama)","Membuat tahan lama dalam berhubungan suami istri, dan meningkatkan stamina suami"
"Jamu Pasutri","Harumita","Mengencangkan kembali otot otot kewanitaan, Mengurangi lendir berlebihan pada daerah kewanitaan, Memberikan kepuasan hubungan suami istri, Menjaga kesehatan wanita, Menjaga agar awet muda."
"Jamu Pasutri","sari rapet","menambah kenikmatan dalam Hubungan suami istri, memberikan kebahagiaan suami istri, Menghilangkan rasa gatal dan bau pada Miss V"
"Jamu Pasutri","Bubuk Asmara","Membuat tahan lama saat bercinta untuk suami istri"
"Jamu Pasutri","Jamu Ratu Madura","Membuat vagina rapet seperti perawan, menghilangkan becek berlebihan, menambah gairah seksual, menjepit saat berhubungan"
"Jamu Kesehatan","Jamu Wasir","Mengobati sakit wasir atau ambeien ( ambeyen ) dan akibatnya, hingga sembuh total"
"Jamu Pasutri","Jamu Super Pengental Sperma","Menambahkan dan meningkatkan kualitas sprema dalam berhubungan suami istri, menjadikan ereksi lebih kuat, sperma lebih deras saat keluar"
"Jamu Kesehatan","Jamu Super Rasa Kopi","Asma, Asam Urat, Maag, Amandel, Kencing manis, Eksim ,Darah Tinggi."
"Jamu Pasutri","Jamu Khusus Penganten","mengharumkan dan menyegarkan badan serta menghilangkan kelesuan dan memberikan kekuatan baru, membuat muka tidak pucat dan menambah gairah pengantin baru. "
"Jamu Kesehatan","Jamu Asam Urat","untuk menyembuhkan nyeri pada persendian, bengkak merah dan rasa panas yang disebabkan kelebihan asam urat,  badan merasa letih, lesu , lemah dll."
"Jamu Pasutri","Sehat Pria /Perkasa (Tambah Syahwat)","Menyembuhkan lemah syahwat dan impetensi pada laki laki. -Menambah gairah bagi pria saat berhubungan suami istri."
"Jamu Pasutri","Godokan Rapet Wangi"," memberi kepuasan hubungan suami istri, mengesadkan peranakan, bisa untuk perawatan jamu pengantin"
"Jamu Pasutri","Jamu Kuat Apatheng","Meningkatkan gairah sex, menambah daya tahan pria, memperlancar peredaran darah terutama area pria sehingga lebih sehat dan kuat, mencegah penyakit kelamin, mengatasi sakit pinggang, pegal linu dll"
"Jamu Pasutri","Jamu Gingseng  Lanange","Untuk Pasangan Suami istri, Memperebaiki ejakulasi dini, Memberi kekuatan lebih, Tahan Lama berhari hari"
"Jamu Pasutri","Kapsul MM","Membangkitkan Gairah libido laki-laki, Mengobati impontensi, Mengencangkan Ereksi, Tahan Lama mampu berualng-ulang"
"Jamu Pasutri","Kapsul Herbal ","pria perkasa lebih kuat dan Lebih tahan lama , Aman tanpa efek samping , Siap tempur sampek subuh"
"Jamu Pasutri","Jamu melak medem","Menyembuhkan keputihan , merapatkan miss v ,  membuat nikmat hubungan suami istri , mengencangkan bagian intim saat berhubungan"
"Jamu Pasutri"," Serbuk kuat & Tahan Lama suramadu","Menambah Stamina & Daya Tahan Sex, Mencegah Ejakulasi Dini."
